Disease,Precaution
Fungal infection,Keep the affected area clean and dry
Fungal infection,Avoid sharing personal items like towels and clothing
Fungal infection,Use antifungal creams or ointments as directed by a doctor
Allergy,Avoid the allergen that causes the reaction
Allergy,Keep antihistamines handy during allergy season
Allergy,Wear protective gear if exposed to dust or pollen
GERD,Avoid lying down immediately after eating
GERD,Reduce intake of spicy and acidic foods
GERD,Elevate the head of the bed while sleeping
Chronic cholestasis,Avoid alcohol consumption
Chronic cholestasis,Follow a low-fat diet
Chronic cholestasis,Take prescribed medications regularly
Hypothyroidism,Take thyroid hormone replacement as prescribed
Hypothyroidism,Avoid foods rich in iodine blockers
Hypothyroidism,Regular monitoring of thyroid levels is essential
Hyperthyroidism,Avoid excessive iodine intake
Hyperthyroidism,Take antithyroid medications as prescribed
Hyperthyroidism,Avoid stimulants like caffeine
